body,title,url
"El melón es una de las frutas más nutritivas que existen debido a su alto contenido de vitaminas y minerales. Es por ello que su consumo beneficia la salud de las personas.
Su cosecha ocurre normalmente desde julio hasta septiembre, meses en los que puedes aprovechar de cada uno de los beneficios que ofrece. Estos son:
1. Protege del daño oxidativo
El melón contiene una cantidad apreciable de vitaminas y minerales dentro de las que destaca la vitamina C, la cual contribuye a la protección de las células frente al daño oxidativo, señala la Fundación Española de la Nutrición (FEN).
2. Contribuye al funcionamiento de los músculos
Dentro de sus propiedades nutrimentales esta fruta destaca por su alto contenido en potasio, un mineral que contribuye al funcionamiento normal del sistema nervioso y de los músculos, indica la FEN. Una ración de melón cubre en un 16% la ingesta recomendada de potasio.

3. Protege contra enfermedades crónicas
El melón posee una cantidad importante de antioxidantes, los cuales protegen ante enfermedades crónicas, como la diabetes y el cáncer, y retrasan el envejecimiento, según información del Servicio de Información Agroalimentaria y Pesquera (SIAP).

4. Facilita la evacuación de toxinas
El melón contiene 92% de agua y sólo 6% de azúcar. Es por ello que esta fruta se considera un diurético natural, que ayuda a reducir la retención de líquidos, activa la circulación y facilita la evacuación de toxinas mejorando la función renal, de acuerdo con la Fundación Española del Corazón.

5. Protege el corazón
Esta fruta contiene una sustancia con efecto anticoagulante llamada adenosina. Por lo que su consumo ayuda a prevenir la trombosis, la angina de pecho y los infartos cerebrales, señala la Fundación citada anteriormente.

6. Elimina impurezas
Los beneficios de esta fruta también pueden aprovecharse de manera tópica, pues ayuda a calmar y tonificar la piel. Incluso es utilizada en mascarillas para eliminar las impurezas y combatir las manchas y el acné, informó la Fundación Española del Corazón.


",,https://www.elbotiquin.mx/bienestar/6-beneficios-de-comer-melon
"Airbnb prohibió las llamadas “casas de fiesta” (party houses) en su plataforma, luego de que se registrara un tiroteo en una de estas propiedades en Orinda, California, durante un festejo de Halloween. 
Brian Chesky, Head Community de la empresa, anunció que se prohibirían este tipo de alquileres, a partir del 2 de noviembre de 2019. 
La noche del jueves pasado, cinco personas murieron cuando una persona inició un tiroteo en una casa afiliada a Airbnb, en la que se celebraba una fiesta de Halloween. En la propiedad se encontraban más de 100 personas, aunque su ocupación máxima era de 13 individuos. 
Chesky indicó que Airbnb redoblaría los esfuerzos para evitar que se realicen fiestas sin autorización o que los anfitriones tengan conductas abusivas “que conduzcan a eventos terribles como los que vimos en Orinda”. 
Relacionado






Tiroteo en fiesta de Halloween deja 3 muertos en California


Nueve personas heridas fueron trasladadas a hospitales de la ciudad de Long Beach 


 
La compañía ampliará su manual de reservaciones de alto riesgo, con el uso de la tecnología. Además, está organizando un equipo de respuesta rápida para atender fiestas masivas en casas de la plataforma, que no estén autorizadas. 
El Head Community de Airbnb aseveró que se buscará implementar las nuevas medidas en los siguientes 10 días. 

Starting today, we are banning “party houses” and we are redoubling our efforts to combat unauthorized parties and get rid of abusive host and guest conduct, including conduct that leads to the terrible events we saw in Orinda. Here is what we are doing:
— Brian Chesky (@bchesky) November 2, 2019

 
Con relación al tiroteo de Orinda, el anfitrión dijo que la mujer que alquiló la casa le había dicho que estaba escapando de los incendios que azotan a California. También notificó que realizaría una pequeña reunión familiar, por lo que autorizó la realización del evento. 
Airbnb dio de baja a la mujer que rentó la propiedad y a la casa en la que se registró el tiroteo, pues contaba con varias notificaciones de violaciones pasadas, por fiestas con muchos asistentes. 
Hasta el momento, el autor del ataque no ha sido identificado y la policía de Orinda, California, continúa en su búsqueda. Los asistentes fallecidos tenían entre 22 y 29 años de edad, incluyendo al DJ de la fiesta. 
De acuerdo con ABC News, la ciudad de Orinda analizará la prohibición total de las rentas de casas por periodos cortos, con plataformas como Airbnb. 
Puedes leer






Airbnb ofrece alojamiento a los evacuados por incendios en California


El servicio estará disponible hasta el 7 de noviembre de 2019, pero puede ampliarse el periodo 


 
",,https://www.viveusa.mx/destinos/airbnb-prohibe-casas-de-fiesta-tras-tiroteo-en-california
"

Hermosillo.—  Apenas tiene 23 años; purga una condena de 25 años en un penal de Sonora, pero los recuerdos serán su principal prisión tras una desafortunada decisión que tomó cuando fue enganchado por Facebook para enlistarse como sicario.
“Mis padres se separaron, mi mamá se fue con un señor, mi papá se fue, mi mujer y mis hijos se fueron, mis hermanos se fueron, todos se fueron, me dejaron solo”, cuenta.
“Cuando encontré un anuncio en Facebook, dije: ‘Es para sembrar marihuana, en dos o tres meses vuelvo, pero eso no pasó, todo fue al contrario. Ellos te dicen que después de tres meses tú vas a bajar, si quieres volver, vuelves, pero no, no me dejaban, al que se iba lo mataban; así de simple, lo mataban frente a nosotros para que viéramos lo que iba a pasar si nos íbamos.
“Yo los miraba con mucho miedo a ellos y me decían: ‘Con ganas cabr...n, con ganas, sin miedo’.
“Me dieron un arma que no servía. A pesar de que el rifle no jalaba, lo hice que jalara y nada más a la persona que me tiraba era a la que yo le tiraba, pero esa vez me tocó la de perder... Salimos vivos, ellos murieron, eran demasiados para nosotros, salían de todos lados, pero a todos los matábamos.
“Después yo me enojé conmigo mismo porque ese rifle no jalaba, yo estaba ahí, sólo sé que salí de ahí, les serví como carnada”, reflexiona.
“Dije: ‘Han de venir estos batos a rescatarme, a lo mejor sí vienen, no pierdo las esperanzas de que esos batos, los que se decían compañeros, los que se decían hermanos (…) volvieran, pero no volvían, no volvieron, nunca me apoyaron, todo lo contrario, me dejaron abajo, por eso estoy aquí [en la cárcel]”.
Lamenta su vida. Soportó ser tratado como esclavo, ser torturador y torturado; además, lo perdió todo: esposa, hijos, familia y amigos... todo se le fue en un segundo.
“Lo que hay en Facebook son puros sicarios de fantasía, puros sicarios de papel. De ahí sales dañado sicológicamente porque miras las torturas que te hacen y le haces a los demás, porque si no las haces te las hacen a ti”, narra.
Cuando salga de prisión, sus hijos ya estarán grandes. Actualmente, uno de ellos va al kínder y una de las cosas que más lo hacen sufrir es no poder llevarlo a la escuela.
 Antonio de Jesús Barragán Bórquez, doctorante en Desarrollo Regional del Centro de Investigación en Alimentación y Desarrollo (CIAD), obtuvo el primer lugar en el sexto Concurso Nacional de Investigaciones Criminológicas 2018 con su trabajo Adolescentes sicarios en internamiento.

Previo a la premiación del certamen convocado por el Gobierno Federal, a través de la Coordinación General de Prevención y Readaptación Social, el joven manifestó sentirse complacido de que el esfuerzo académico que inició en el Colegio de Sonora, donde estudió la maestría en Ciencias Sociales —y que ahora continúa en el CIAD bajo la dirección del profesor Guillermo Núñez Noriega—, rinda frutos.

En su ensayo, Barragán Bórquez señala que el sicariato es un fenómeno que demanda ser estudiado desde una perspectiva integral, pues, a través de las entrevistas que realizó a jóvenes de 14 a 20 años internos en el Instituto de Tratamiento y Aplicación de Medidas para Adolescentes (Itama) en Hermosillo, Sonora, constató que los factores sociales y culturales influyen fuertemente en la adhesión de personas a grupos delictivos.

Puntualizó que los entrevistados le confesaron que no ingresaron al crimen organizado motivados por satisfacer carencias económicas, sino por el interés de pertenecer a esos grupos que se caracterizan por la violencia, lujos materiales y una serie de elementos culturales relacionados con el narcotráfico.

Agregó que, para fortalecer la prevención, el tratamiento y evitar la reinserción de los menores de edad a círculos delictivos, es imprescindible conocer el entorno social y familiar de los delincuentes, así como entender los procesos de “narcoculturización”, con el objetivo de diseñar estrategias que permitan anticipar un perfil primodelincuente, así como incrementar la tasa de éxito en la reinserción social.

Barragán Bórquez indicó que durante su formación doctoral tiene previsto estudiar la percepción ciudadana sobre la seguridad y la cultura en Sonora.

Jóvenes sicarios son parte de la estadística fatal

Miles de jóvenes y niños mexicanos son utilizados por el crimen organizado para cometer delitos. A los siete meses en promedio, terminan torturados, muertos o en la cárcel.

Hasta el mes de septiembre, en Sonora, 90 jóvenes entre 15 y 24 años de edad han perdido la vida víctimas de arma de fuego, según estadísticas de la Fiscalía General de Justicia del Estado (FGJE).

En tanto, seis personas fueron vinculadas a proceso por homicidio mediante el uso de arma de fuego. En la mayoría de los casos relacionada al narcomenudeo.

En función de esta realidad se busca hacer conciencia en la juventud sobre este tipo de actividades, puesto que no deben ser vistas como una opción de vida, porque conduce a perder la libertad o la vida misma, expresó la fiscal sonorense, Claudia Indira Contreras.

 

 
","Adolescentes sicarios, de 14 a 20 años, revelan sus motivos",http://www.eluniversal.com.mx/estados/adolescentes-sicarios-de-14-20-anos-revelan-sus-motivos
"
La noche del lunes, nos dicen, el jefe de la Oficina de la Presidencia de la República, Alfonso Romo, tuvo un encuentro de dos horas con estudiantes de la Universidad Panamericana para compartir las estrategias económicas de la Cuarta Transformación.
 
Nos comentan que fue una charla bastante relajada y en la que el ingeniero Romo habló sin tapujos de las cosas que le gustan y no le gustan, luego de haber dado el salto del sector empresarial al gobierno federal.
 
Ya entrados en confianza don Poncho reveló que además del sector empresarial tiene muy buenos amigos dentro de la arena política, amén de sus relaciones con Morena, partido en el poder.
 
¿Con quiénes? Se preguntará usted.
 
Tiene buenas relaciones dentro del PRI, como con los expresidentes Carlos Salinas de Gortari y Ernesto Zedillo, impulsores del modelo neoliberal. Eso les dijo a los estudiantes.
 
En pocas palabras, no hay bronca con ellos…
 
 
",Romo no tiene bronca con Salinas ni Zedillo,https://www.eluniversal.com.mx/nacion/romo-no-tiene-bronca-con-salinas-ni-zedillo
"
Después de un estudio de calidad, la Procuraduría Federal del Consumidor (Profeco), publicó que distintas marcas de salsa catsup contienen una sustancia altamente dañina para el organismo, convirtiendo su consumo en potencialmente peligroso.

De acuerdo con el análisis realizado por Profeco a importantes marcas de salsa catsup, éstas contienen hasta el 55% de jarabe de maíz de alta fructosa, sustancia catalogada como altamente dañina al provocar que la gente la consuma sin lograr la sensación de saciedad, lo cual promueve el sobrepeso y la obesidad.

Por su parte la norma mexicana NMX-F-346-S-1980, salsa de tomate catsup, establece especificaciones para determinar que el nombre de salsa debe tener por lo menos 12% de sólidos de jitomate, que equivalen a que el producto sea elaborado a partir de 44.4% mínimo del fruto de jitomate; además de no tener espesantes, colorantes ni conservadores.

Sin embargo, se destacó la comercialización de salsas catsup que contiene menor cantidad de jitomate que lo establecido por la norma mexicana, por ello Profeco analizó cuatro marcas de salsa catsup y dos salsas tipo catsup.

También lee: Éstas son las marcas de hamburguesas de res hechas con soya y pellejo

Las marcas de catsup potencialmente dañinas por su concentración de jarabe de maíz de alta fructosa son:

-Embasa: contiene el 55% de adición de jarabe de maíz de alta fructuosa.

-Heinz: contiene el 42% de jarabe de maíz de alta fructosa, además de altos índices de azúcares, pese a que en su etiquetado menciona que no contiene azúcar añadida.

-La Costeña: contiene el 42% de jarabe de maíz de alta fructosa.

-Clemente Jacques: contiene gran cantidad de azúcares, así como el 42%de jarabe de maíz de alta fructosa.

-Del Monte: indica en los ingredientes adición de fructosa y se encontró que adiciona jarabe de maíz de alta fructosa al 42%.

También lee: ¿Cómo te afectaría el uso de lavatrastes con bacterias?

""La ingesta excesiva de jarabe de maíz de alta fructosa produce en gran cantidad la hormona ghrelina, la cual te hace sentir que nunca estás satisfecho y quieres seguir comiendo, provocando el incremento de personas con obesidad y en consecuencia, se desencadenan otras enfermedades como la diabetes mellitus tipo 2"", aseguró la Profeco en su edición de noviembre de la Revista del Consumidor. 

También lee: “Leche” de almendra es menos nutritiva y más cara
",,https://www.elbotiquin.mx/medicina-general/estas-son-las-marcas-de-catsup-que-contienen-ingrediente-danino
"Un hombre de 58 años murió tras derrumbarse durante la carrera anual de 5 kilómetros del resort Walt Disney World, en Orlando, Florida. 
El hombre era Mark Lockridge, originario del condado de Ellis, Texas. De acuerdo con informes del médico forense, se derrumbó frente a los baños de la atracción Imagination with Figment del parque Epcot el viernes pasado. 
Eyrka Washington, una portavoz de Disney World, informó que el hombre apenas había pasado el primer marcador de millas. Los paramédicos lo atendieron y fue llevado al centro médico AdventHealth, donde murió por hipertensión y enfermedad cardíaca. 
“Estamos profundamente tristes por esta pérdida desgarradora, y nuestros pensamientos y simpatías permanecen con la familia y los seres queridos del corredor durante este momento difícil”, dijo la portavoz Andrea Finger, en declaraciones recogidas por el medio Orlando Sentinel. 
Recomendamos  






Sólo para fanáticos: Parque Star Wars en Disney Orlando; costo, atracciones y hotel 


Viaja en el Halcón Milenario, únete a la Resistencia para combatir a Kylo Ren o construye tu propio R2D2 en el parque temático Star Wars: Galaxy's Edge de Disney World en Orlando, Florida 



La carrera de 5 kilómetros de Walt Disney World se realizó el 1 de noviembre, en medio del festival de la comida y el vino que ofrece el resort.
Tuvo un costo de $85 dólares que se destinan a organizaciones benéficas. 
La carrera tiene una extensión de 3.1 millas y cruza todo el parque. A lo largo del recorrido hay entretenimiento con botargas de los personajes de películas más entrañables. Al llegar a la meta, hay música en vivo y espectáculos. La comida que ofrecen depende del festival que se celebre. 
Los ganadores reciben una medalla, certificado y obsequios que siguen la temática del parque de diversiones. 
En su página web, Disney recomienda seguir un entrenamiento de 13 semanas antes de correr los 5 kilómetros para eliminar la fatiga excesiva y el estrés ortopédico. 
Lee 






¿Cuánto cuesta un paquete todo incluido a Disneyland, California?


Puedes armar tu propio paquete con vuelos, entradas a los parques y hospedaje en los hoteles de Disney para viajar antes de que acabe el año 




GRÁFICO, LAS NUEVAS ATRACCIONES DE DISNEY PARA 2020



 
 
",,https://www.viveusa.mx/destinos/muere-hombre-tras-derrumbarse-en-carrera-de-walt-disney-world
"
Aunque un juez federal frenó la ejecución de cualquier orden de aprehensión contra Juan Jesús Javier Lozoya Austin, hermano de Emilio Lozoya, decidió desistir de su petición de amparo.
El hermano del ex director de Petróleos Mexicanos (Pemex) tramitó el amparo desde el 28 de octubre y fue admitido por el Juez Sexto de Distrito de Amparo en materia Penal en la Ciudad de México.
También lee: Vinculan a proceso a mamá de Emilio Lozoya
El juez le concedió la suspensión provisional para evitar su aprehensión y le requirió que para ello exhibiera una garantía de 10 mil pesos.
Sin embargo, este martes el juez Sexto de Distrito notificó que Juan Jesús Javier Lozoya presentó un escrito para desistirse de su petición de amparo, razón por la que le requirió comparecer directamente al juzgado para ratificar su decisión.
Emilo Ricardo Lozoya Austin tiene orden de aprehensión en su contra por lavado de dinero, asociación delictuosa y cohecho por el caso Odebrecht.
Por este mismo caso, su hermana Gilda Susana Lozoya Austin, su mamá Gilda Margarita Austin, su esposa Marielle Helene Eckes y Nelly Maritza Aguilera Concha tienen órdenes de aprehensión por lavado de dinero y asociación delictuosa.
También lee: ""Emilio Lozoya aún no era director de Pemex cuando ocurrieron ""moches"": Coello
Aguilera Concha y la esposa de Lozoya están señaladas en el caso por la utilización de dinero proveniente de los sobornos de Odebrecht para la compraventa de una casa en Ixtapa.
Sin embargo, hasta ahora no se ha señalado en las investigaciones de la Fiscalía General de la República (FGR) a Juan Jesús Javier Lozoya Austin.
cev
",Hermano de Emilio Lozoya desiste de amparo que había tramitado,http://www.eluniversal.com.mx/nacion/politica/hermano-de-emilio-lozoya-desiste-de-amparo-que-habia-tramitado
"



    googletag.cmd.push(function() {
      googletag.display(""dfp-ad-top3_content"");
    });
  


La Secretaría de la Defensa Nacional (Sedena) informó que el 17 de noviembre se realizará la séptima edición del Medio Maratón “La Gran Fuerza de México” en la Ciudad de México.
A través de sus redes sociales, la Sedena dio a conocer la fecha de la carrera, además de las días y horas de las inscripciones. 
Las inscripciones al medio maratón de la Sedena serán:  

6 de noviembre a las 18:00 horas.
7 de noviembre a las 12:00 horas.
8 de noviembre a las 18:00 horas. 

El medio maratón Sedena 2019 iniciará a las 07:30 horas en el Campo Militar número 1, Ciudad de México, la entrada será por la puerta 8, en la esquina que forman la avenida Ingeniero militares, calle Parque Río Frío y calle Parque La Estrella. 

VER: Medio Maratón Sedena 2019: ¿cuándo es?

Además habrá una caminata recreativa de 5 kilómetros y recorrido en bicicleta de 10 kilómetros. Las personas que quieran participan en el medio maratón de Sedena podrán hacerlo aunque no se inscriban.

VER: Museos CDMX: los recintos de Sedena

Te dejamos la convocatoria del medio maratón Sedena 2019: 
Convocatoria Medio Maratón Sedena 2019 by JuanMiranda on Scribd

",Medio Maratón Sedena 2019: Cuándo son las inscripciones ,http://www.unioncdmx.mx/articulo/2019/11/04/deportes/medio-maraton-sedena-2019-cuando-son-las-inscripciones
"
En la Jornada 4 de la Champions League, tres mexicanos buscan el liderato con sus equipos.
Esta tarde, a las 14:00 horas, Hirving Lozano y el Napoli reciben al Salzburgo, en el estadio San Paolo. Los italianos (siete unidades), en caso de llevarse los tres puntos, permanecerán en la cima del grupo E, sin importar lo que haga el Liverpool (seis) frente al Genk.
(Lozano ha jugado los tres partidos de esta Champions)
A la misma hora, pero en Londres, el Chelsea y el Ajax, de Edson Álvarez, chocan por la punta del sector H, que lideran los ingleses, por el enfrentamiento directo.
(El examericanista sufrió un duro golpe en el rostro durante el fin de semana)
En el duelo en Ámsterdam, los Blues vencieron a los holandeses por la mínima. Hoy buscan revancha.
Mientras que mañana, Héctor Herrera espera tener minutos con el Atlérico de Madrid, que visita al Bayer Leverkusen.
(HH ha batallado para encontrar regularidad con los colchoneros)

 
",La agenda de los mexicanos en la Champions League,http://www.eluniversal.com.mx/universal-deportes/futbol/la-agenda-de-los-mexicanos-en-la-champions-league
"
Un hombre de Utah dijo este martes que las tres mujeres asesinadas de la familia LeBarón por miembros de un cártel en el norte de México eran su tía y dos primas, y que iban con niños en tres vehículos sobre un camino de terracería que utilizaban con frecuencia sin contratiempos.
Taylor Langford dijo en entrevista el martes que quienes le contaron lo sucedido fueron su padre y su tío, quienes según Langford, fueron al lugar de la masacre y hablaron con autoridades mexicanas. En el lugar también fueron asesinados seis niños.
Langford dijo que primero balearon hasta que quedó envuelto en llamas el vehículo conducido por Rhonita Miller, que estaba a unos 16 kilómetros atrás de otras dos camionetas. Miller y sus cuatro hijos, entre ellos bebés gemelos, murieron quemados.
Agregó que después atacaron a los otros dos vehículos. Christina Langford iba con su bebé en uno de ellos y en el auto que Dawna Langford conducía iban nueve niños.
También lee: Familia LeBarón: Trasladan a 5 menores heridos a EU informa Landau
Langford agregó que sobrevivió una niña de 9 años que recibió un tiro en el brazo y fue encontrada horas después.
Miller se dirigía a Phoenix para recoger a su esposo en el aeropuerto, dijo Langford, y las otras dos mujeres iban a visitar a parientes que viven en México, agregó.

Donald Trump ofrece ayua a México contra cárteles
El presidente Donald Trump le está ofreciendo al gobierno de México ayuda no especificada para ""librar la guerra"" contra los cárteles del narcotráfico después de que una familia de una rama escindida de la Iglesia de Jesucristo de los Santos de los Últimos Días fuera masacrada en el norte de México.
""Este es el momento para que México, con la ayuda de Estados Unidos, emprenda una GUERRA contra los cárteles de la droga y los elimine de la faz de la Tierra. ¡Sólo esperamos una llamada de su nuevo gran presidente!"", agregó Trump en una serie de tuits.
Agregó que el presidente mexicano Andrés Manuel López Obrador ha hecho de la lucha contra los cárteles de la droga un asunto prioritario.
""Pero los cárteles se han vuelto tan grandes y poderosos que a veces se necesita un ejército para derrotar a un ejército!"", agregó.
También lee: Mormon family ambushed and massacred in Mexico
López Obrador ha favorecido un enfoque menos militarizado del problema, alegando que una política de confrontación frontal como la de sus predecesores sólo condujo a más violencia.


Escalofriante ataque contra ciudadanos estadounidenses

La principal autoridad de seguridad de México informó el martes que al menos tres mujeres y seis niños fueron asesinados por los miembros de un cártel y que un menor más está desparecido. Los familiares dicen que las víctimas eran ciudadanos estadounidenses.
El secretario de Seguridad, Alfonso Durazo, informó que los agresores pudieron haber confundido la camioneta de las víctimas con la de un cártel rival. Seis niños resultaron heridos en el ataque y cinco fueron llevados a hospitales en Phoenix, Arizona, agregó.
Durazo dijo que el cártel de Sinaloa tiene presencia importante en la zona, pero está en lucha territorial con los rivales.
El escalofriante ataque fue contra ciudadanos estadounidenses que viven en una comunidad fundada como parte de una filial de La Iglesia de Jesucristo de los Santos de los Últimos Días.
La policía y soldados del ejército buscan al niño desaparecido.
",LeBarón. Víctimas iban en camino de terracería,http://www.eluniversal.com.mx/estados/lebaron-victimas-iban-en-camino-de-terraceria
"
La oficina de la NFL en México, otra vez, no podrá decir que la visita de los equipos a México será breve para no sufrir por la altitud. Los Chargers, previo al Monday Night en el Estadio Azteca del 18 de noviembre, irán a Colorado para entrenar durante la semana y viajar el domingo.
Los coaches del equipo angelino saben que la altitud es fundamental para el partido contra los Chiefs. Aunque podrían llegar a México hasta con 10 días de anticipación, por disputar el jueves por la noche previo, por recomendaciones de seguridad permanecerán en Estados Unidos, como ha pasado las otras dos veces.
","Por seguridad, Chargers viajarán a México un día antes del juego en el Azteca",http://www.eluniversal.com.mx/universal-deportes/futbol-americano/por-seguridad-chargers-viajaran-mexico-un-dia-antes-del-juego-en
"
Al parecer el sotero más codiciado de Hollywood por fin consiguió el amor y es que Keanu Reeves presumió en público a su nueva novia que lleva por nombre Alexandra Grant.

El actor de ""John Wick"" y ""Constantine"" presumió su relación con la pintora durante la Gala de Arte y Cine de LACMA en Los Ángeles. Esta es la primera vez que Reeves camina a lado de su pareja sentimental.

Frente a los fotógrafos el actor se mostró contento y orgulloso de presentar a la también escultora quien hasta este momento no se sabe bien dónde fue que la conoció. Lo que sí es un hecho es que el histrión de ""Matrix"", quien actualmente tiene 55 años, se ve que la está pasando muy bien con ella, quien presume sus 46 con una sonrisa a lado de él.
También lee: Keanu Reeves reveló que le gustaba Sandra Bullock
 

¿Quién es Alexandra Grant?

Alexandra Grant es una artista con sede en Los Ángeles, que utiliza el lenguaje y los intercambios con escritores como fuente de imágenes en escultura, pintura, dibujo y video.
Grant nació en Fairview Park, Ohio. En 1994 se graduó de Swarthmore College con una licenciatura en historia y arte de estudio. En el 2000 también se graduó de la Facultad de Artes de California en San Francisco con una maestría en dibujo y pintura.

También lee: Martha Higareda vivió vergonzoso momento con Keanu Reeves 

al
 
",Keanu Reeves presume en público a su nueva novia,http://www.eluniversal.com.mx/espectaculos/farandula/keanu-reeves-presume-en-publico-su-nueva-novia
"



    googletag.cmd.push(function() {
      googletag.display(""dfp-ad-top3_content"");
    });
  


Una leyenda es narración de sucesos fantásticos que se transmite por tradición, esto de acuerdo con el Diccionario de la Real Academia Española (DRAE). 
Un segundo significado de leyenda es: Relato basado en un hecho o un personaje reales, deformado o magnificado por la fantasía o la admiración.
En México existe un gran número de leyendas. Cada región tiene sus relatos que forman parte de nuestra tradición oral.
Características de la leyenda

Es una narración basada en personajes o hechos históricos que provienen de tradiciones orales muy antiguas,que se han transformado a través del tiempo.
Se transmite habitualmente de generación en generación, casi siempre de manera oral.
Con frecuencia se modifican, las leyendas a lo largo del tiempo por supresiones, añadidos o modificaciones.
Sobre la leyenda, Jacob Grimm dijo: ""El cuento de hadas es poético, la leyenda histórica.""
Mezcla hechos reales y de ficción, aunque se parte de situaciones históricamente verídicas.

La leyenda se sitúa en un lugar y en una época específicos, parte de hechos  que fueron reales aunque están idealizados.

Se diferencia de la historia propiamente dicha en el énfasis de la narración y en su finalidad, que siempre es de tipo didáctico o nacionalista, para dar confianza a un pueblo en sí mismo en momentos en que se necesita ardor y seguridad para enfrentarse a una situación nueva y peligrosa.
Narra sucesos desconocidos e inexplicables
Tiempo: muy lejano
Lugar: los hechos siempre suceden en algún lugar
Se trasmite de generación en generación
Siempre se incluye el elemento mágico o milagroso
Explican algo: origen de los animales, las plantas, fenómenos naturales, hechizos.

Origen de la leyenda
La palabra leyenda procede del latín medieval legenda y significa ‘lo que ha de ser leído’.
En algunos oficios religiosos de la primitiva Iglesia cristiana, se leían en voz alta legendas o vidas de santos. Una de estas narraciones más famosas en la Edad Media fue La leyenda dorada (Legendi di sancti vulgari storiado), escrita en latín en 1264 por el dominico genovés Santiago de la Vorágine, tratado hagiográfico en el que la exaltación de las figuras de los santos roza en ocasiones lo fantástico.
Diferencia entre mito y leyenda
El mito se ocupa de los dioses, mientras que la leyenda retrata  a un héroe humano.
Tipos de leyendas

Etiológicas y Escatológicas (las que se refieren al origen de nombres de lugares y las versiones que explican el origen y características de determinadas plantas y animales).
Históricas e Histórico-Culturales.
Seres y Fuerzas Sobrenaturales (leyendas de creencia).
Leyendas Religiosas

MÁS INFORMACIÓN SOBRE LEYENDAS:

Leyendas de Guanajuato, las más famosas
La satánica leyenda del Charro Negro
El Pípila, el origen de su leyenda
Leyenda de Día de Muertos sobre los perros
Leyenda de la flor de cempasúchil para niños
La trágica leyenda de la cascada velo de novia

Con información del Diccionario de la Real Academia Española 
",¿Qué es una leyenda y cuáles son sus características?,http://www.unionguanajuato.mx/articulo/2019/11/01/cultura/que-es-una-leyenda-y-cuales-son-sus-caracteristicas
"
Balas, gritos y llantos. Así recuerdan la tragedia los menores que sobrevivieron al ataque por parte de un grupo armado a familias mormonas en el norte de México, un suceso que dejó un saldo de nueve personas muertes, seis de ellos niños.
""Por la zona y la forma que los vehículos fueron encontrados está muy claro que los emboscaron. Los niños platicaron que sus mamás gritaban aterradas para intentar convencer a estos desgraciados que no les dispararán, pero no lograron nada, los acribillaron sin piedad"", narró a Efe Alex LeBarón, miembro de esta comunidad mormón asentada en Galeana, en el norteño estado de Chihuahua.
La mañana del lunes, tres camionetas repletas de mujeres y niños de la familia LeBarón se trasladaban de un rancho del poblado de la Mora (Sonora) hasta Galeana (Chihuahua), donde está la colonia LeBarón, cuando en la frontera entre ambos estados fueron emboscados por sicarios armados.
Con fusiles de alto calibre, acribillaron a balazos las camionetas a pesar de los gritos de terror de las madres, que no lograron proteger a sus hijos.
También lee: Habrá justicia en asesinato de integrantes de familia LeBarón, dice AMLO a Trump
Los muertos, miembros de una próspera comunidad mormona en el país, estaban desarmados porque iban a una celebración, explicó Alex LeBarón.
Alex LeBarón consideró que el ataque contra las tres camionetas donde viajaban las tres madres y 14 niños menores de 11 años, incluyendo a una bebé con meses de nacida, pudo ser una ""confusión"" de los sicarios, que supusieron que eran de grupos antagónicos.
En la mañana del lunes, mormones feligreses de la Iglesia de Jesucristo de los Santos de los Últimos Días, partieron del poblado de La Mora, en el municipio sonorense de Bavispe, hacia la comunidad de LeBarón, un camino de 150 kilómetros que toma unas cinco horas debido a lo escarpado de los caminos en la sierra.
Pero la camioneta donde murieron la mayoría de las víctimas sufrió una avería por lo que tuvieron que separarse del grupo.
""A un vehículo se le pincha la llanta, en el que viajaba Rhonita con sus 4 niños. Se regresa al poblado de La Mora para cambiar de camioneta, después, el auto fue encontrado baleado e incinerado con los niños y su madre dentro"", describió Alex LeBarón.
Aproximadamente a 18 kilómetros de distancia con dirección al estado de Chihuahua, pero aún en territorio de Sonora, se encontró otro vehículo. Y en el interior sin vida una persona adulta del sexo femenino y dos personas menores de edad.
También lee: LeBarón. Víctimas iban en camino de terracería
Finalmente, a dos kilómetros de la línea divisoria entre ambos estados, se localizó un nuevo vehículo, a quince metros el cuerpo sin vida de una mujer.
En total, las autoridades mexicanas precisaron que el saldo del ataque fue de tres mujeres y seis menores de edad asesinados. Además de seis menores lesionados, una menor ilesa y otra niña desaparecida, que fue hallada horas después.
Cuando las ráfagas cesaron, los niños sobrevivientes mal heridos escaparon hacia el monte, la mayoría salió al camino cuando cayó el sol y escucharon que sus familiares los estaban buscando.
La última en ser encontrada fue Mackenzie, una niña que caminó 14 kilómetros con una herida de bala, duró más de 12 horas escondida en la sierra, pero logró sobrevivir.
También lee: Así fue el origen de la familia LeBarón en México
En la escena del crimen los peritos levantaron más de 200 casquillos calibre.
Actualmente las víctimas que sobrevivieron al ataque están recibiendo atención médica en hospitales para infantes en Arizona, Estados Unidos.
Según reportan las autoridades, cuatro niños están fuera de peligro y uno es reportado en delicado estado de salud.

El antecedente en Agua Prieta

Horas antes de esta trágico suceso, en la ciudad fronteriza de Agua Prieta, Sonora, ocurrieron una serie de enfrentamientos entre los integrantes de dos grupos criminales.
Supuestamente facciones del Cártel del Pacífico que lucharían contra el cártel de La Línea proveniente, de Chihuahua, el botín es la plaza para el trasiego de droga hacia Arizona.
Agua Prieta es una región de la frontera porosa donde el único obstáculo es la escueta vigilancia de la Patrulla Fronteriza y algunas montañas que por su orografía son difíciles de patrullar.
El saldo de esa primera refriega fue dos hombres muertos, un herido del lado mexicano, tres casas incendiadas y cinco camionetas incineradas.
Y así se encendieron todas las alarmas de los comandos en ambos cárteles atrincherados en la región serrana donde se funden Sonora, Chihuahua y Arizona.
En Agua Prieta, como parte de las investigaciones del ataque a los LeBarón, se logró el rescate de dos víctimas privadas de la libertad que se encontraban amordazadas y atadas en un vehículo.
En el municipio de Bavispe, cerca de donde ocurrió la masacre, es donde nació el actual secretario de Seguridad Pública y Protección Ciudadana, Alfonzo Durazo, quien de pequeño se mudó al municipio de Agua Prieta para estudiar la secundaria.
 ","LeBarón. Entre gritos y balas, niños sobrevivieron a la matanza ",http://www.eluniversal.com.mx/estados/lebaron-entre-gritos-y-balas-ninos-sobrevivieron-la-matanza
"
Lo que pasó aquella noche ilustra el ambiente: dos hombres bajaron de una moto y abrieron fuego contra las personas que se hallaban alrededor de un puesto de frituras.
En la colonia Doctores, los vecinos sabían que en el puesto aquel no se vendían frituras. Esa era la pantalla para la venta de drogas. Los hombres, de 27 y 28 años, identificados como José Luis “N” y Pedro “N”, avanzaron y dispararon. Algunas de las personas que se hallaban en el puesto intentaron ingresar a la vecindad marcada con el número 109 de la calle Doctor Norma. Hasta el patio los fueron a rematar los agresores. 
Quedaron tendidos los cuerpos moribundos de seis personas de entre 37 y 49 años. Formaban parte de la misma familia. Unos se apellidaban Mondragón, otros González. Entre las víctimas había también una mujer de 60 años y una niña de cinco.
El periodista Antonio Nieto relata que un joven que inhalaba solventes muy cerca de ahí presenció el ataque, relató cómo se dieron las cosas e identificó a los agresores.
Pedro y José Luis huyeron a bordo de la moto. Las cámaras de vigilancia los siguieron hasta una vecindad cercana, situada en Pedro Miranda 13. Vecinos de la calle los vieron llegar, esconderse con precipitación. Según la carpeta de investigación, agentes de la Secretaría de Seguridad Ciudadana les hallaron dos pistolas 9 milímetros, un envoltorio con cocaína y un kilo de marihuana. Pero José Luis y Pedro no llegaron siquiera ante un juez de control. Antes de 48 horas fueron puestos en libertad. El ministerio público dijo que no hallaba elementos para sostener la imputación. ¿No fueron ellos quienes mataron a los seis? Probablemente nunca lo sabremos. Solo sabemos que Pedro y José Luis no han vuelto a poner un pie en la Doctores.
La vecindad de Pedro Miranda, sin embargo, volvió a llamar la atención de las autoridades el pasado 26 de octubre. El lugar es señalado por vecino como un punto conocido de venta de droga. Esa noche, hubo en el interior de la vecindad una estruendosa balacera.
Los vecinos la reportaron, se oyeron sirenas, llegaron varias patrullas, la calle se iluminó con la luz de las torretas, varios agentes ingresaron en la vecindad. Pero salieron minutos más tarde y llevaban las manos vacías.
Desde hace meses, los vecinos de la Doctores denuncian la escalada de violencia, y un intolerable aumento en la inseguridad. La Doctores es la segunda colonia más peligrosa en la capital del país, según datos recabados en fuentes oficiales por el Consejo Ciudadano para la Seguridad y la Justicia Social (la primera es la colonia Centro). En sus calles se registra una alta cantidad de delitos violentos: homicidio, lesiones por arma de fuego, extorsión, robo a transeúnte, secuestro y violación.
En los edificios, los vecinos ponen anuncios del tipo “Cierra la puerta con llave”. Comunican a través de chat en qué calles “están asaltando”. Denuncian las extorsiones que sufren de manera cotidiana. El alcalde de Cuauhtémoc, Néstor Núñez, se ha quejado de que la Guardia Nacional solo hace operativos específicos y no logra reducir el clima de violencia.
El 4 de noviembre de 2019 dos jóvenes de 26 y 16 años asesinan desde una moto a un muchacho de 20. Son las nueve de la noche y los tiros resuenan en la esquina de Efrén Rebolledo y Bolívar. Desde hace años, la colonia, formada en buena parte por vecindades y unidades habitacionales en las que se hacinan cientos de personas, es uno de los mayores centros de distribución de droga que hay en la ciudad: la droga que se compra a gran escala en Tepito se vende al menudeo en “tiendas” de la Doctores.
Todo se deteriora y se descompone en los alrededores de esas “tiendas”; el 17 de octubre policías de investigación siguen a dos hombres que acaban de asaltar un camión repartidor y busca refugio en la vecindad de Doctor Norma 56. Se desata un tiroteo. Los ladrones no son capturados, pero dos agentes mueren en la balacera (y los testigos indican que se mataron entre ellos).
El 12 de agosto un hombre es asesinado a tiros en Doctor Balmis y Doctor Barragán. El 14, un hombre es acuchillado en el abdomen en Doctor Bernard. El 5 de julio, la madre de un asaltante que quiso despojar a un cuentahabiente de 170 mil pesos y fue abatido por un policía, ruega a los asaltantes que custodian el perímetro: “¡Déjenme ver a mi bebé!”. 
El 2 de julio la policía rescata a un hombre y una mujer de origen coreano que se hallaban secuestrados en un inmueble de Doctor Durán. Un mes antes, un hombre y una mujer son brutalmente asesinados en un estacionamiento de Doctor Norma, por hombres que los persiguieron en motos.
Tiros, sangre, cadáveres. Y una colonia totalmente cubierta de polvo. El ambiente de la Doctores
","La colonia Doctores: tiros, sangre, cadáveres",https://www.eluniversal.com.mx/opinion/hector-de-mauleon/la-colonia-doctores-tiros-sangre-cadaveres
"
El ex jugador de la NFL Kellen Winslow Jr. se declaró culpable de violar a un adolescente inconsciente en 2003 y de agresión sexual con un autoestopista de 54 años en un acuerdo que le ahorró la posibilidad de cadena perpetua.
Winslow inicialmente dudó y pareció agonizar por su decisión.
""Lo siento. Simplemente no estoy pensando muy claramente ”, dijo Winslow al juez en un momento.
Le pidió al juez más tiempo antes de que finalmente se declarara culpable momentos antes de que fuera a ser juzgado de nuevo por seis delitos graves, incluidos secuestro, sodomía, cópula oral forzada y dos cargos de violación forzada en el Tribunal Superior del Condado de San Diego que podrían haberlo enviado. a prisión de por vida si fue condenado.
A cambio de su declaración, el tribunal acordó sentenciarlo a entre 12 y 18 años de prisión por los dos cargos y desestimar a los demás.
En junio, un jurado lo encontró culpable de violar a una mujer sin hogar en Encinitas, al norte de San Diego. Los miembros del jurado también lo condenaron por dos delitos menores: exposición indecente y un acto lascivo en público, involucrando a otras dos mujeres.
Pero ese jurado no llegó a un acuerdo sobre otros cargos, incluida la presunta violación del autoestopista y la violación de la niña inconsciente de 17 años en 2003 cuando tenía 19 años. Según el acuerdo de culpabilidad, el ataque al autoestopista se redujo a sexual batería.
El ex ala cerrada de 36 años, en algún momento uno de los mejor pagados de la NFL, se había declarado previamente inocente de los cargos. Su abogado, Gretchen von Helms, había dicho que el sexo era consensuado.
Cinco mujeres tomaron el puesto de testigos este verano, y se esperaba que tres de ellas testificaran nuevamente.
El fiscal Dan Owens dijo fuera de la sala del tribunal que las mujeres eran valientes para querer testificar nuevamente, pero que estaba contento de que no tendrían que pasar por eso nuevamente.
""Cada una de estas víctimas, no trataron de venir aquí para tratar de incriminar al Sr. Winslow"", dijo Owens, ""El hecho de que tuvieron el coraje de presentarse y hablar con la policía y testificar a todos los cosas que había hecho frente a todas estas cámaras, creo que era importante para mí asegurarme de que se escuchara esa verdad, y era importante para mí asegurarme de que fuera considerado responsable de cada uno de esos crímenes "".
El abogado defensor Marc Carlos dijo que Winslow tomó una decisión difícil de aceptar el acuerdo de culpabilidad.
Leer más: De gimnasta profesional a actriz porno
""La desventaja de cualquier condena lo llevaría a prisión por el resto de su vida, y tomó esta decisión basándose en su familia, su padre, sus hijos, y quería estar allí para ellos en el futuro"", dijo Carlos.
Los abogados defensores atacaron la credibilidad de las cinco mujeres y señalaron inconsistencias en sus historias en el primer juicio.
El tribunal había planeado permitir que el nuevo jurado escuche que Winslow fue condenado por violar a la mujer sin hogar, que habría estado entre los que testificaron nuevamente.
Los miembros del jurado también habrían sido informados sobre la condena por exposición indecente, aunque no se esperaba que esa mujer tomara el puesto.
Winslow, quien jugó para Cleveland, Tampa Bay, Nueva Inglaterra y los Jets de Nueva York, ganó más de $ 40 millones en 10 temporadas en la NFL. Es hijo del receptor del Salón de la Fama de los Chargers, Kellen Winslow, quien estuvo en la sala durante el primer juicio y el lunes.
Winslow Jr. miró repetidamente a su padre antes de declararse. Cuando salió de la sala del tribunal el lunes, extendió un brazo hacia su padre, quien respondió tocando su puño con el corazón.
Los abogados de Winslow dijeron que sufre una lesión cerebral traumática por su juego de fútbol y un accidente de motocicleta que terminó su carrera.
Argumentarán que la información debe tenerse en cuenta en su audiencia de sentencia.
",Exjugador de la NFL es sentenciado por violar a menor de edad,http://www.eluniversal.com.mx/universal-deportes/futbol/exjugador-de-la-nfl-es-sentenciado-por-violar-menor-de-edad
"

Read in English
 El presidente Andrés Manuel López Obrador asegura que él no pidió a ninguno de sus colaboradores gastar recursos o emplear personal para investigar las campañas contra los representantes de los medios de comunicación del pasado jueves en redes sociales, sin embargo, Alejandro Mendoza Álvarez, titular de la Unidad de Información, Infraestructura Informática y Vinculación Tecnológica de la Secretaría de Seguridad decidió por iniciativa propia presentar ayer en la reunión del Gabinete de Seguridad, el análisis sobre la difusión de mensajes en las redes acerca de la prensa, un reporte de corte político, que incluye las redes sociales de opositores del PAN y PRI. El caso es que dicha unidad analiza y proporciona información para combatir a delincuentes. Será que esta vez tampoco se enteró el secretario de Seguridad Pública, Alfonso Durazo, de que su subordinado realizó dicho análisis. Ahora solo falta que digan que estaba patrullando por las redes cuando de pronto se dieron cuenta del ataque cibernético

Ven mano de peñista tras campañas contra la 4T

Nos cuentan que Sergio José Gutiérrez, estratega digital que manejaba las redes del expresidente Enrique Peña Nieto, está siendo investigado por el gobierno federal. Nos dicen que en las pesquisas se advierte la mano de Gutiérrez en campañas en contra de la 4T. Don Sergio, aseguran, es todo un experto en el tema. Para muestra basta un botón, pues se argumenta que Gutiérrez está detrás de las redes sociales del gobernador morenista de Baja California, Jaime Bonilla. Por lo pronto, nos dicen que en la Presidencia de la República no lo pueden ni ver.

La pelea por la rectoría de la UNAM

Tan pronto como esta misma semana se podría conocer el resultado del proceso interno en la Universidad Nacional Autónoma de México y se despejará la incógnita sobre si el actual rector, Enrique Graue, será reelecto o alguien más llega a dirigir los destinos de la máxima casa de estudios del país. Nos comentan que el proceso está ya en su recta final, pues la Junta de Gobierno concluyó la etapa de auscultación a la comunidad universitaria y hoy mismo inician las entrevistas a cada uno de los tres aspirantes. Nos dicen en la Universidad que el balance de los universitarios que visitaron a los miembros de la Junta favorece actual rector. Estiman en la Junta de Gobierno que de cada 10 integrantes de la comunidad que se pronunciaron, entre seis y siete lo hicieron en apoyo a Graue; dos a Pedro Salazar y uno o dos, por Angélica Cuéllar. A todo esto, el nombramiento de rector podría darse hacia finales de esta misma semana.

Aplican “austeridad” a aguinaldos en el IMSS

Zoé Robledo, director general del IMSS, deberá responder a cientos de jubilados y pensionados por un supuesto descuento en el pago de su aguinaldo. Nos cuentan que afiliados pensionados fueron sorprendidos porque su aguinaldo no llegó ni a 68% del total de un mes de pago y no hay explicación alguna sobre este descuento. Entre las exigencias de los derechohabientes del Instituto también destaca que la pensión se deje de calcular en UMAS para hacerlo en salarios mínimos, condición que según el presidente ya se analiza. ¿Habrá una explicación lógica sobre este descuento o la petición se quedará en el aire? ¿Será una medida de austeridad, de esas que están tan de moda?
",Patrullaje oficial en el Twitter de opositores,https://www.eluniversal.com.mx/opinion/periodistas-el-universal/patrullaje-oficial-en-el-twitter-de-opositores
